delay_bucket,n_orders,avg_review_score,pct_1star,pct_5star
1. Early (2+ days ahead),85173,4.299402392777054,6.5466755896821756,62.672443145128156
2. On-time (0-1 day ahead),2990,4.140133779264214,7.892976588628763,55.451505016722415
3. Late 1-3 days,2636,3.7659332321699543,13.770864946889228,43.20940819423369
4. Late 4-7 days,1773,2.3181049069373945,53.0174844895657,18.161308516638467
5. Late 8+ days,3252,1.7269372693726937,68.81918819188192,7.472324723247232
