rfm_segment,n_customers,avg_monetary,avg_recency_days,total_revenue,pct_repeat,pct_customers,pct_revenue
Champions (recent + high spend),15288,306.4719152276295,96.47475143903715,4685342.64,6.554160125588697,16.483729756539365,30.606515647650856
Mid-Value,33398,134.95606892628302,234.21357566321336,4507262.79,2.778609497574705,36.010178336532036,29.44322746696909
High-Value Lapsed (win-back priority),14446,310.0925155752458,398.37366745119755,4479596.48,5.3994185241589365,15.57587389213551,29.262500161627823
Low-Value Lapsed,15334,55.775946263205945,401.4739141776445,855268.36,0.5608451806443199,16.533327582860718,5.586952002144434
New/Recent Low-Spend,14280,54.68118977591037,95.01526610644258,780847.39,0.5392156862745098,15.396890431932375,5.100804721607796
